<?xml version="1.0" encoding="UTF-8" ?>
<XMLDB PATH="blocks/user_favorites/db" VERSION="20190624" COMMENT="XMLDB file for Moodle blocks/user_favorites"
       xmlns:xsi="http://www.w3.org/2001/XMLSchema-instance"
       xsi:noNamespaceSchemaLocation="../../../lib/xmldb/xmldb.xsd"
>
    <TABLES>
        <TABLE NAME="block_user_favorites" COMMENT="Users favorites">
            <FIELDS>
                <FIELD NAME="id" TYPE="int" LENGTH="10" NOTNULL="true" SEQUENCE="true"/>
                <FIELD NAME="userid" TYPE="int" LENGTH="11" NOTNULL="false" SEQUENCE="false"/>
                <FIELD NAME="title" TYPE="char" LENGTH="100" NOTNULL="true" SEQUENCE="false"/>
                <FIELD NAME="url" TYPE="char" LENGTH="255" NOTNULL="true" SEQUENCE="false"/>
                <FIELD NAME="hash" TYPE="char" LENGTH="33" NOTNULL="true" SEQUENCE="false"/>
                <FIELD NAME="sortorder" TYPE="int" LENGTH="11" NOTNULL="false" SEQUENCE="false"/>
                <FIELD NAME="created_at" TYPE="int" LENGTH="11" NOTNULL="true" SEQUENCE="false"/>
            </FIELDS>
            <KEYS>
                <KEY NAME="primary" TYPE="primary" FIELDS="id"/>
            </KEYS>
            <INDEXES>
                <INDEX NAME="userid" UNIQUE="false" FIELDS="userid"/>
            </INDEXES>
        </TABLE>
    </TABLES>
</XMLDB>